Workbook

Sheet fixed_generators
A1: scenario | B1: station_name | C1: parameter | D1: 2019 | E1: 2020 | F1: =E1+1 -> 2021 | G1: =F1+1 -> 2022 | H1: =G1+1 -> 2023 | I1: =H1+1 -> 2024 | J1: =I1+1 -> 2025 | K1: =J1+1 -> 2026 | L1: =K1+1 -> 2027 | M1: =L1+1 -> 2028 | ... AI1: =AH1+1 -> 2050
A2: BASE_PMR1b | B2: variable_coal | C2: fuel_price (R/GJ) | J2: 37.741118 | K2: 41.652043 | L2: 46.571714 | M2: 49.303235 | N2: 52.352593 | O2: 55.610825 | P2: =O2 -> 55.610825 | Q2: =P2 -> 55.610825 | R2: =Q2 -> 55.610825 | S2: =R2 -> 55.610825 | T2: =S2 -> 55.610825 | U2: =T2 -> 55.610825 | V2: =U2 -> 55.610825 | W2: =V2 -> 55.610825 | ... AI2: =AH2 -> 55.610825
A3: =A2 -> BASE_PMR1b | B3: variable_diesel | C3: fuel_price (R/GJ) | D3: 816 | E3: 816 | F3: 816 | G3: 816 | H3: 816 | I3: 816 | J3: =extendable_generators!J2 -> 388.87 | K3: =extendable_generators!K2 -> 388.6 | L3: =extendable_generators!L2 -> 386.77 | M3: =extendable_generators!M2 -> 384.37 | N3: =extendable_generators!N2 -> 382.13 | O3: =extendable_generators!O2 -> 381.53 | P3: =extendable_generators!P2 -> 383.6 | Q3: =extendable_generators!Q2 -> 381.66 | ... AI3: =extendable_generators!AI2 -> 424.07
A4: =A3 -> BASE_PMR1b | B4: low_group | C4: fuel_price (R/GJ) | J4: =0.74*J2 -> 27.928428 | K4: =0.74*K2 -> 30.822512 | L4: =0.74*L2 -> 34.463068 | M4: =0.74*M2 -> 36.484394 | N4: =0.74*N2 -> 38.740919 | O4: =0.74*O2 -> 41.15201 | P4: =0.74*P2 -> 41.15201 | Q4: =0.74*Q2 -> 41.15201 | ... AI4: =0.74*AI2 -> 41.15201
A5: =A4 -> BASE_PMR1b | B5: med_group | C5: fuel_price (R/GJ) | J5: =1.06*J2 -> 40.005585 | K5: =1.06*K2 -> 44.151166 | L5: =1.06*L2 -> 49.366017 | M5: =1.06*M2 -> 52.261429 | N5: =1.06*N2 -> 55.493749 | O5: =1.06*O2 -> 58.947474 | P5: =1.06*P2 -> 58.947474 | Q5: =1.06*Q2 -> 58.947474 | ... AI5: =1.06*AI2 -> 58.947474
A6: =A5 -> BASE_PMR1b | B6: high_group | C6: fuel_price (R/GJ) | J6: =1.28*J2 -> 48.308631 | K6: =1.28*K2 -> 53.314616 | L6: =1.28*L2 -> 59.611794 | M6: =1.28*M2 -> 63.10814 | N6: =1.28*N2 -> 67.011319 | O6: =1.28*O2 -> 71.181856 | P6: =1.28*P2 -> 71.181856 | Q6: =1.28*Q2 -> 71.181856 | ... AI6: =1.28*AI2 -> 71.181856

Sheet extendable_generators
A1: scenario | B1: station_name | C1: parameter | D1: 2019 | E1: 2020 | F1: =E1+1 -> 2021 | G1: =F1+1 -> 2022 | H1: =G1+1 -> 2023 | I1: =H1+1 -> 2024 | J1: =I1+1 -> 2025 | K1: =J1+1 -> 2026 | L1: =K1+1 -> 2027 | M1: =L1+1 -> 2028 | ... AI1: =AH1+1 -> 2050
A2: BASE_PMR1b | B2: ocgt_diesel | C2: R/GJ | D2: 506.07771 | E2: 509.25357 | F2: 510.86624 | G2: 513.0464 | H2: 515.29938 | I2: 517.9345 | J2: 388.87 | K2: 388.6 | L2: 386.77 | M2: 384.37 | N2: 382.13 | O2: 381.53 | P2: 383.6 | Q2: 381.66 | R2: 386.9 | S2: 389.56 | T2: 390.76 | U2: 391.8 | V2: 394.01 | W2: 395.09 | X2: 397.38 | Y2: 399.25 | Z2: 400.63 | AA2: 400.03 | AB2: 404.73 | AC2: 404.67 | AD2: 406.38 | AE2: 408.01 | AF2: 417.44 | AG2: 419.63 | AH2: 422.8 | AI2: 424.07
A3: =A2 -> BASE_PMR1b | B3: ocgt_diesel_emg | C3: R/GJ | D3: 506.07771 | E3: 509.25357 | F3: 510.86624 | G3: 513.0464 | H3: 515.29938 | I3: 517.9345 | J3: =J2 -> 388.87 | K3: =K2 -> 388.6 | L3: =L2 -> 386.77 | M3: =M2 -> 384.37 | N3: =N2 -> 382.13 | O3: =O2 -> 381.53 | P3: =P2 -> 383.6 | Q3: =Q2 -> 381.66 | ... AI3: =AI2 -> 424.07
A4: =A3 -> BASE_PMR1b | B4: ocgt_gas | C4: R/GJ | D4: 272 | E4: 272 | F4: 272 | G4: 272 | H4: 272 | I4: 272 | J4: 216.16 | K4: 215.99 | L4: 214.82 | M4: 213.29 | N4: 211.85 | O4: 211.47 | P4: 212.8 | Q4: 211.55 | R4: 214.9 | S4: 216.6 | T4: 217.37 | U4: 218.03 | V4: 219.44 | W4: 220.13 | X4: 221.6 | Y4: 222.79 | Z4: 223.67 | AA4: 223.29 | AB4: 226.29 | AC4: 226.25 | AD4: 227.34 | AE4: 228.38 | AF4: 234.4 | AG4: 235.81 | AH4: 237.83 | AI4: 238.64
A5: =A4 -> BASE_PMR1b | B5: ocgt_gas_h2_40 | C5: R/GJ | D5: 272 | E5: 272 | F5: 272 | G5: 272 | H5: 272 | I5: 272 | J5: =J4 -> 216.16 | K5: =K4 -> 215.99 | L5: =L4 -> 214.82 | M5: =M4 -> 213.29 | N5: =N4 -> 211.85 | O5: =O4 -> 211.47 | P5: =P4 -> 212.8 | Q5: =Q4 -> 211.55 | ... X5: =X4 -> 221.6 | Y5: =Y2 -> 399.25 | Z5: =Z2 -> 400.63 | AA5: =AA2 -> 400.03 | AB5: =AB2 -> 404.73 | AC5: =AC2 -> 404.67 | AD5: =AD2 -> 406.38 | AE5: =AE2 -> 408.01 | AF5: =AF2 -> 417.44 | ... AI5: =AI2 -> 424.07
A6: =A5 -> BASE_PMR1b | B6: ocgt_gas_h2_45 | C6: R/GJ | D6: 272 | E6: 272 | F6: 272 | G6: 272 | H6: 272 | I6: 272 | J6: =J4 -> 216.16 | K6: =K4 -> 215.99 | L6: =L4 -> 214.82 | M6: =M4 -> 213.29 | N6: =N4 -> 211.85 | O6: =O4 -> 211.47 | P6: =P4 -> 212.8 | Q6: =Q4 -> 211.55 | ... AC6: =AC4 -> 226.25 | AD6: =AD2 -> 406.38 | AE6: =AE2 -> 408.01 | AF6: =AF2 -> 417.44 | AG6: =AG2 -> 419.63 | AH6: =AH2 -> 422.8 | AI6: =AI2 -> 424.07
A7: =A6 -> BASE_PMR1b | B7: ocgt_gas_h2_50 | C7: R/GJ | D7: 272 | E7: 272 | F7: 272 | G7: 272 | H7: 272 | I7: 272 | J7: =J4 -> 216.16 | K7: =K4 -> 215.99 | L7: =L4 -> 214.82 | M7: =M4 -> 213.29 | N7: =N4 -> 211.85 | O7: =O4 -> 211.47 | P7: =P4 -> 212.8 | Q7: =Q4 -> 211.55 | ... AH7: =AH4 -> 237.83 | AI7: =AI2 -> 424.07
A8: =A7 -> BASE_PMR1b | B8: ocgt_gas_h2_55 | C8: R/GJ | D8: 272 | E8: 272 | F8: 272 | G8: 272 | H8: 272 | I8: 272 | J8: =J4 -> 216.16 | K8: =K4 -> 215.99 | L8: =L4 -> 214.82 | M8: =M4 -> 213.29 | N8: =N4 -> 211.85 | O8: =O4 -> 211.47 | P8: =P4 -> 212.8 | Q8: =Q4 -> 211.55 | ... AI8: =AI4 -> 238.64
A9: =A8 -> BASE_PMR1b | B9: ocgt_gas_h2_60 | C9: R/GJ | D9: 272 | E9: 272 | F9: 272 | G9: 272 | H9: 272 | I9: 272 | J9: =J4 -> 216.16 | K9: =K4 -> 215.99 | L9: =L4 -> 214.82 | M9: =M4 -> 213.29 | N9: =N4 -> 211.85 | O9: =O4 -> 211.47 | P9: =P4 -> 212.8 | Q9: =Q4 -> 211.55 | ... AI9: =AI4 -> 238.64
A10: =A9 -> BASE_PMR1b | B10: coal | C10: R/GJ | D10: 45.18 | E10: 45.18 | F10: 45.18 | G10: 45.18 | H10: 45.18 | I10: 45.18 | J10: 45 | K10: 45 | L10: 45 | M10: 45 | N10: 45 | O10: 45 | P10: 45 | Q10: 45 | R10: 45 | S10: 45 | T10: 45 | U10: 45 | V10: 45 | W10: 45 | X10: 45 | Y10: 45 | Z10: 45 | AA10: 45 | AB10: 45 | AC10: 45 | AD10: 45 | AE10: 45 | AF10: 45 | AG10: 45 | AH10: 45 | AI10: 45
A11: =A10 -> BASE_PMR1b | B11: nuclear | C11: R/GJ | D11: 18 | E11: 18 | F11: 18 | G11: 18 | H11: 18 | I11: 18 | J11: 18 | K11: 18 | L11: 18 | M11: 18 | N11: 18 | O11: 18 | P11: 18 | Q11: 18 | R11: 18 | S11: 18 | T11: 18 | U11: 18 | V11: 18 | W11: 18 | X11: 18 | Y11: 18 | Z11: 18 | AA11: 18 | AB11: 18 | AC11: 18 | AD11: 18 | AE11: 18 | AF11: 18 | AG11: 18 | AH11: 18 | AI11: 18
A12: =A11 -> BASE_PMR1b | B12: solar_csp | C12: R/GJ | D12: 0 | E12: 0 | F12: 0 | G12: 0 | H12: 0 | I12: 0 | J12: 0 | K12: 0 | L12: 0 | M12: 0 | N12: 0 | O12: 0 | P12: 0 | Q12: 0 | R12: 0 | S12: 0 | T12: 0 | U12: 0 | V12: 0 | W12: 0 | X12: 0 | Y12: 0 | Z12: 0 | AA12: 0 | AB12: 0 | AC12: 0 | AD12: 0 | AE12: 0 | AF12: 0 | AG12: 0 | AH12: 0 | AI12: 0
A13: =A12 -> BASE_PMR1b | B13: ccgt_steam | C13: R/GJ | D13: 0 | E13: 0 | F13: 0 | G13: 0 | H13: 0 | I13: 0 | J13: 0 | K13: 0 | L13: 0 | M13: 0 | N13: 0 | O13: 0 | P13: 0 | Q13: 0 | R13: 0 | S13: 0 | T13: 0 | U13: 0 | V13: 0 | W13: 0 | X13: 0 | Y13: 0 | Z13: 0 | AA13: 0 | AB13: 0 | AC13: 0 | AD13: 0 | AE13: 0 | AF13: 0 | AG13: 0 | AH13: 0 | AI13: 0
